codon,usage
UUU,26.1
UCU,23.5
UAU,18.8
UGU, 8.1
UUC,18.4
UCC,14.2
UAC,14.8
UGC, 4.8
UUA,26.2
UCA,18.7
UAA, 1.1
UGA, 0.7
UUG,27.2
UCG, 8.6
UAG, 0.5
UGG,10.4
CUU,12.3
CCU,13.5
CAU,13.6
CGU, 6.4
CUC, 5.4
CCC, 6.8
CAC, 7.8
CGC, 2.6
CUA,13.4
CCA,18.3
CAA,27.3
CGA, 3.0
CUG,10.5
CCG, 5.3
CAG,12.1
CGG, 1.7
AUU,30.1
ACU,20.3
AAU,35.7
AGU,14.2
AUC,17.2
ACC,12.7
AAC,24.8
AGC, 9.8
AUA,17.8
ACA,17.8
AAA,41.9
AGA,21.3
AUG,20.9
ACG, 8.0
AAG,30.8
AGG, 9.2
GUU,22.1
GCU,21.2
GAU,37.6
GGU,23.9
GUC,11.8
GCC,12.6
GAC,20.2
GGC, 9.8
GUA,11.8
GCA,16.2
GAA,45.6
GGA,10.9
GUG,10.8
GCG, 6.2
GAG,19.2
GGG, 6.0